cra0c_material,cra0c_name,cra0c_polishedricerate,cra0c_saketypeid,utcconversiontimezonecode,importsequencenumber,statuscode,timezoneruleversionnumber,versionnumber,statecode,owningbusinessunit
米・米麹・醸造アルコール,本醸造酒,70%以下,c31f34be-582f-ea11-a810-000d3a579c86,,,アクティブ,,728952,アクティブ,1836c828-711e-ea11-a812-000d3a56961f
米・米麹・醸造アルコール,特別本醸造酒,60%以下or特別な醸造方法,c21f34be-582f-ea11-a810-000d3a579c86,,,アクティブ,,728951,アクティブ,1836c828-711e-ea11-a812-000d3a56961f
米・米麹・醸造アルコール,吟醸酒,60%以下,c01f34be-582f-ea11-a810-000d3a579c86,,,アクティブ,,728950,アクティブ,1836c828-711e-ea11-a812-000d3a56961f
米・米麹・醸造アルコール,大吟醸酒,50%以下,bf1f34be-582f-ea11-a810-000d3a579c86,,,アクティブ,,728949,アクティブ,1836c828-711e-ea11-a812-000d3a56961f
米・米麹,純米酒,規定なし,be1f34be-582f-ea11-a810-000d3a579c86,,,アクティブ,,728948,アクティブ,1836c828-711e-ea11-a812-000d3a56961f
米・米麹,特別純米酒,60%以下or特別な醸造方法,bb1f34be-582f-ea11-a810-000d3a579c86,,,アクティブ,,728947,アクティブ,1836c828-711e-ea11-a812-000d3a56961f
米・米麹,純米吟醸酒,60%以下,b91f34be-582f-ea11-a810-000d3a579c86,,,アクティブ,,728946,アクティブ,1836c828-711e-ea11-a812-000d3a56961f
米・米麹,純米大吟醸酒,50%以下,b41f34be-582f-ea11-a810-000d3a579c86,,,アクティブ,,728945,アクティブ,1836c828-711e-ea11-a812-000d3a56961f
