{"schemaVersion":"1.0","appDefinitionTemplate":{"id":"/providers/Microsoft.PowerApps/apps/","type":"Microsoft.PowerApps/apps","tags":{"minimumRequiredApiVersion":"2.2.0"},"properties":{"appVersion":"2020-01-25T13:44:12Z","lifeCycleId":"Published","createdByClientVersion":{"major":3,"minor":19123,"build":15,"revision":0,"majorRevision":0,"minorRevision":0},"minClientVersion":{"major":3,"minor":19123,"build":15,"revision":0,"majorRevision":0,"minorRevision":0},"backgroundColor":"rgba(126, 115, 95, 1)","backgroundImageUri":"/18396406681854943714/N9da32140-88b6-43e6-a81e-4c63bdfeeeb9-logoSmallFile","displayName":"Kura","description":"","commitMessage":"","appUris":{"documentUri":{"value":"/18396406681854943714/N50db3d07-ff63-4a0f-946b-ffca694ab9a9-document.msapp","readonlyValue":"/18396406681854943714/N50db3d07-ff63-4a0f-946b-ffca694ab9a9-document.msapp"},"imageUris":[]},"createdTime":"0001-01-01T00:00:00Z","lastModifiedTime":"0001-01-01T00:00:00Z","sharedGroupsCount":0,"sharedUsersCount":0,"icons":{"smallIconUri":"/18396406681854943714/Nf04d431f-e3af-4d1c-a26e-6098aced4696-small.png","mediumIconUri":"/18396406681854943714/Nf5590cf4-ca22-4f7b-9cdd-62481b8d517c-medium.png","largeIconUri":"/18396406681854943714/Nbdc80d88-9d9b-4723-a566-649e3dba8705-large.png","wideIconUri":"/18396406681854943714/N2dee5ab6-80f2-4c50-a0c4-d4dc7730d3ec-wide.png"},"connectionReferences":{},"databaseReferences":{"default.cds":{"databaseDetails":{"referenceType":"Environmental","environmentName":"default.cds"},"dataSources":{"Kuras":{"entitySetName":"cra0c_kuras","logicalName":"cra0c_kura"},"Prefectures":{"entitySetName":"cra0c_prefectures","logicalName":"cra0c_prefecture"}}}},"almMode":"Environment","performanceOptimizationEnabled":false,"canConsumeAppPass":true},"isAppComponentLibrary":false,"appComponents":[]}}