{"schemaVersion":"1.0","appDefinitionTemplate":{"id":"/providers/Microsoft.PowerApps/apps/","type":"Microsoft.PowerApps/apps","tags":{"minimumRequiredApiVersion":"2.2.0"},"properties":{"appVersion":"2020-01-25T14:03:43Z","lifeCycleId":"Published","createdByClientVersion":{"major":3,"minor":19123,"build":15,"revision":0,"majorRevision":0,"minorRevision":0},"minClientVersion":{"major":3,"minor":19123,"build":15,"revision":0,"majorRevision":0,"minorRevision":0},"backgroundColor":"rgba(126, 115, 95, 1)","backgroundImageUri":"/8913458134886215310/N16c6d41c-2e3c-4d8a-9b8b-812c880e4ca9-logoSmallFile","displayName":"Sake","description":"","commitMessage":"","appUris":{"documentUri":{"value":"/8913458134886215310/Nbea07778-6b62-4acc-b77d-2be0d2a722cd-document.msapp","readonlyValue":"/8913458134886215310/Nbea07778-6b62-4acc-b77d-2be0d2a722cd-document.msapp"},"imageUris":[]},"createdTime":"0001-01-01T00:00:00Z","lastModifiedTime":"0001-01-01T00:00:00Z","sharedGroupsCount":0,"sharedUsersCount":0,"icons":{"smallIconUri":"/8913458134886215310/N804d4b5e-b349-4fc3-a5b8-91cc0fb3674b-small.png","mediumIconUri":"/8913458134886215310/N386f3027-ef60-4865-a26e-b0679d159968-medium.png","largeIconUri":"/8913458134886215310/Ne9354871-c210-4b2f-81cd-23c492373c7b-large.png","wideIconUri":"/8913458134886215310/N1b113020-383b-45a3-aeee-8093c3e024a9-wide.png"},"connectionReferences":{},"databaseReferences":{"default.cds":{"databaseDetails":{"referenceType":"Environmental","environmentName":"default.cds"},"dataSources":{"Sake":{"entitySetName":"cra0c_sakes","logicalName":"cra0c_sake"},"Brands":{"entitySetName":"cra0c_brands","logicalName":"cra0c_brand"},"SakeTypes":{"entitySetName":"cra0c_saketypes","logicalName":"cra0c_saketype"},"Yeasts":{"entitySetName":"cra0c_yeasts","logicalName":"cra0c_yeast"}}}},"almMode":"Environment","performanceOptimizationEnabled":false,"canConsumeAppPass":true},"isAppComponentLibrary":false,"appComponents":[]}}