cra0c_name,cra0c_prefcode,cra0c_prefectureid,utcconversiontimezonecode,importsequencenumber,statuscode,timezoneruleversionnumber,versionnumber,statecode,owningbusinessunit
沖縄県,47,6d2da1df-552f-ea11-a810-000d3a579c86,,,アクティブ,,727150,アクティブ,1836c828-711e-ea11-a812-000d3a56961f
鹿児島県,46,6c2da1df-552f-ea11-a810-000d3a579c86,,,アクティブ,,727149,アクティブ,1836c828-711e-ea11-a812-000d3a56961f
宮崎県,45,6b2da1df-552f-ea11-a810-000d3a579c86,,,アクティブ,,727148,アクティブ,1836c828-711e-ea11-a812-000d3a56961f
大分県,44,6a2da1df-552f-ea11-a810-000d3a579c86,,,アクティブ,,727147,アクティブ,1836c828-711e-ea11-a812-000d3a56961f
熊本県,43,692da1df-552f-ea11-a810-000d3a579c86,,,アクティブ,,727146,アクティブ,1836c828-711e-ea11-a812-000d3a56961f
長崎県,42,682da1df-552f-ea11-a810-000d3a579c86,,,アクティブ,,727145,アクティブ,1836c828-711e-ea11-a812-000d3a56961f
佐賀県,41,672da1df-552f-ea11-a810-000d3a579c86,,,アクティブ,,727144,アクティブ,1836c828-711e-ea11-a812-000d3a56961f
福岡県,40,652da1df-552f-ea11-a810-000d3a579c86,,,アクティブ,,727143,アクティブ,1836c828-711e-ea11-a812-000d3a56961f
高知県,39,642da1df-552f-ea11-a810-000d3a579c86,,,アクティブ,,727142,アクティブ,1836c828-711e-ea11-a812-000d3a56961f
愛媛県,38,632da1df-552f-ea11-a810-000d3a579c86,,,アクティブ,,727141,アクティブ,1836c828-711e-ea11-a812-000d3a56961f
香川県,37,622da1df-552f-ea11-a810-000d3a579c86,,,アクティブ,,727140,アクティブ,1836c828-711e-ea11-a812-000d3a56961f
徳島県,36,602da1df-552f-ea11-a810-000d3a579c86,,,アクティブ,,727139,アクティブ,1836c828-711e-ea11-a812-000d3a56961f
山口県,35,5f2da1df-552f-ea11-a810-000d3a579c86,,,アクティブ,,727138,アクティブ,1836c828-711e-ea11-a812-000d3a56961f
広島県,34,5e2da1df-552f-ea11-a810-000d3a579c86,,,アクティブ,,727137,アクティブ,1836c828-711e-ea11-a812-000d3a56961f
岡山県,33,5c2da1df-552f-ea11-a810-000d3a579c86,,,アクティブ,,727136,アクティブ,1836c828-711e-ea11-a812-000d3a56961f
島根県,32,5b2da1df-552f-ea11-a810-000d3a579c86,,,アクティブ,,727135,アクティブ,1836c828-711e-ea11-a812-000d3a56961f
鳥取県,31,5a2da1df-552f-ea11-a810-000d3a579c86,,,アクティブ,,727134,アクティブ,1836c828-711e-ea11-a812-000d3a56961f
和歌山県,30,592da1df-552f-ea11-a810-000d3a579c86,,,アクティブ,,727131,アクティブ,1836c828-711e-ea11-a812-000d3a56961f
奈良県,29,572da1df-552f-ea11-a810-000d3a579c86,,,アクティブ,,727130,アクティブ,1836c828-711e-ea11-a812-000d3a56961f
兵庫県,28,562da1df-552f-ea11-a810-000d3a579c86,,,アクティブ,,727129,アクティブ,1836c828-711e-ea11-a812-000d3a56961f
大阪府,27,552da1df-552f-ea11-a810-000d3a579c86,,,アクティブ,,727128,アクティブ,1836c828-711e-ea11-a812-000d3a56961f
京都府,26,542da1df-552f-ea11-a810-000d3a579c86,,,アクティブ,,727127,アクティブ,1836c828-711e-ea11-a812-000d3a56961f
滋賀県,25,532da1df-552f-ea11-a810-000d3a579c86,,,アクティブ,,727126,アクティブ,1836c828-711e-ea11-a812-000d3a56961f
三重県,24,522da1df-552f-ea11-a810-000d3a579c86,,,アクティブ,,727125,アクティブ,1836c828-711e-ea11-a812-000d3a56961f
愛知県,23,512da1df-552f-ea11-a810-000d3a579c86,,,アクティブ,,727124,アクティブ,1836c828-711e-ea11-a812-000d3a56961f
静岡県,22,502da1df-552f-ea11-a810-000d3a579c86,,,アクティブ,,727123,アクティブ,1836c828-711e-ea11-a812-000d3a56961f
岐阜県,21,4f2da1df-552f-ea11-a810-000d3a579c86,,,アクティブ,,727122,アクティブ,1836c828-711e-ea11-a812-000d3a56961f
長野県,20,4d2da1df-552f-ea11-a810-000d3a579c86,,,アクティブ,,727121,アクティブ,1836c828-711e-ea11-a812-000d3a56961f
山梨県,19,4c2da1df-552f-ea11-a810-000d3a579c86,,,アクティブ,,727120,アクティブ,1836c828-711e-ea11-a812-000d3a56961f
福井県,18,4b2da1df-552f-ea11-a810-000d3a579c86,,,アクティブ,,727119,アクティブ,1836c828-711e-ea11-a812-000d3a56961f
石川県,17,4a2da1df-552f-ea11-a810-000d3a579c86,,,アクティブ,,727118,アクティブ,1836c828-711e-ea11-a812-000d3a56961f
富山県,16,492da1df-552f-ea11-a810-000d3a579c86,,,アクティブ,,727117,アクティブ,1836c828-711e-ea11-a812-000d3a56961f
新潟県,15,472da1df-552f-ea11-a810-000d3a579c86,,,アクティブ,,727116,アクティブ,1836c828-711e-ea11-a812-000d3a56961f
神奈川県,14,462da1df-552f-ea11-a810-000d3a579c86,,,アクティブ,,727115,アクティブ,1836c828-711e-ea11-a812-000d3a56961f
東京都,13,452da1df-552f-ea11-a810-000d3a579c86,,,アクティブ,,727114,アクティブ,1836c828-711e-ea11-a812-000d3a56961f
千葉県,12,442da1df-552f-ea11-a810-000d3a579c86,,,アクティブ,,727113,アクティブ,1836c828-711e-ea11-a812-000d3a56961f
埼玉県,11,432da1df-552f-ea11-a810-000d3a579c86,,,アクティブ,,727112,アクティブ,1836c828-711e-ea11-a812-000d3a56961f
群馬県,10,422da1df-552f-ea11-a810-000d3a579c86,,,アクティブ,,727111,アクティブ,1836c828-711e-ea11-a812-000d3a56961f
栃木県,9,412da1df-552f-ea11-a810-000d3a579c86,,,アクティブ,,727110,アクティブ,1836c828-711e-ea11-a812-000d3a56961f
茨城県,8,402da1df-552f-ea11-a810-000d3a579c86,,,アクティブ,,727109,アクティブ,1836c828-711e-ea11-a812-000d3a56961f
福島県,7,3f2da1df-552f-ea11-a810-000d3a579c86,,,アクティブ,,727108,アクティブ,1836c828-711e-ea11-a812-000d3a56961f
山形県,6,3e2da1df-552f-ea11-a810-000d3a579c86,,,アクティブ,,727107,アクティブ,1836c828-711e-ea11-a812-000d3a56961f
秋田県,5,3d2da1df-552f-ea11-a810-000d3a579c86,,,アクティブ,,727106,アクティブ,1836c828-711e-ea11-a812-000d3a56961f
宮城県,4,3c2da1df-552f-ea11-a810-000d3a579c86,,,アクティブ,,727105,アクティブ,1836c828-711e-ea11-a812-000d3a56961f
岩手県,3,3b2da1df-552f-ea11-a810-000d3a579c86,,,アクティブ,,727104,アクティブ,1836c828-711e-ea11-a812-000d3a56961f
青森県,2,3a2da1df-552f-ea11-a810-000d3a579c86,,,アクティブ,,727103,アクティブ,1836c828-711e-ea11-a812-000d3a56961f
北海道,1,352da1df-552f-ea11-a810-000d3a579c86,,,アクティブ,,727102,アクティブ,1836c828-711e-ea11-a812-000d3a56961f
